{"access_token":"ya29.a0AfH6SMB_oKi6QipNZQkHiBGQmiR9G_Y6d3CmnAA9hpG69SEaJrNBT0ygWyMJ36m3XlJ43ceSRlxyrCy-cOdD3_BTp79_hFdsZuOeoETn0Sx5nYLcOJ5m8Kf928wjxYgx9nOmsuHbZQop36X1osfpwKj4sJdUHImKfUrSz5cDBZw","refresh_token":"1//04VfaZilVN_DYCgYIARAAGAQSNgF-L9IrZOXrSgWzqdp56iMHORzy7DfhYGu-YXmmMkd62FN8icTYgg9EDYVm3Y8LiWIsNlbJ3A","scope":"https://www.googleapis.com/auth/script.projects https://www.googleapis.com/auth/spreadsheets.currentonly https://www.googleapis.com/auth/drive https://www.googleapis.com/auth/spreadsheets https://www.googleapis.com/auth/script.external_request","token_type":"Bearer","expiry_date":1609354880643}